{
    "Accuracy": 0.8,
    "SARI": 0.6644986320583632,
    "Recall@10": 0.2833333333333333
}